name,count
country,48
chill,31
workout,18
rock,18
christmas,16
rap,16
oldies,15
worship,13
party,13
disney,12
new,11
feels,10
summer,9
lit,8
dance,8
relax,7
sleep,7
throwback,7
pregame,7
random,7
throwbacks,6
2017,6
music,6
running,6
study,6
good music,6
wedding,5
90's,5
hits,5
gospel,5
jams,5
pop,5
fall,5
love,5
shower,5
classics,5
mine,5
mix,5
spanish,5
electronic,5
oldies but goodies,5
classic,5
sad,5
car,5
now,5
work,5
current,5
old,5
summer 2016,5
run,4
gym,4
musicals,4
reggae,4
summer 2k17,4
fun,4
trap,4
good stuff,4
old school,4
classical,4
vibes,4
vibin,4
stuff,4
house,4
feel good,4
alt,4
mood,4
road trip,4
camp,4
bump,4
playlist,4
alternative,4
christian,4
snowboarding,4
90s,3
vibe,3
mixtape,3
groovy,3
acoustic,3
morning,3
good vibes,3
funky,3
favorite songs,3
hype,3
spanish jams,3
2016,3
fall 2015,3
go to,3
blues,3
september,3
summer playlist,3
my music,3
party playlist,3
everything,3
old songs,3
tbt,3
indie,3
<3,3
chill music,3
classic rock,3
happy,3
rave,3
roadtrip,3
car rides,3
new years,3
chill out,3
my heart,3
punk,3
reggaeton,3
country favorites,3
eminem,3
new music,3
vibin',3
may,3
dubstep,3
for you,3
yoga,3
summer country,3
best,3
yeah,3
the mix,3
hawaii,3
inspiration,3
beats,3
wedding playlist,3
work out,3
getting ready,3
mmm,3
korean,2
new songs,2
sad songs,2
smooth,2
yeet,2
indie rock,2
tb,2
taylor swift,2
ashley,2
kpop,2
80's,2
bang bang,2
latin,2
rando,2
party people,2
beach,2
halloween,2
14,2
relaxing,2
get it,2
ladies,2
top hits,2
english,2
pump,2
high,2
mellow,2
christian songs,2
ðŸ”¥ðŸ”¥ðŸ”¥ðŸ”¥,2
christmas music,2
latino,2
volleyball,2
summer of love,2
corridos,2
chris,2
broadway,2
car playlist,2
covers,2
bruno mars,2
litty,2
quiet,2
in my feels,2
piano music,2
driving,2
my favorites,2
new stuff,2
hip hop,2
mix tape,2
hood,2
wedding cocktail hour,2
whatever,2
winter,2
older songs,2
black,2
chillen,2
party mix,2
wake up,2
main playlist,2
2015,2
bomb,2
up,2
songs i like,2
summer 17,2
wedding songs,2
take me back,2
musica,2
christmas time,2
partay,2
drake,2
my favorite songs,2
best of 2016,2
holiday party,2
l o v e,2
gospel mix,2
electro,2
rage,2
girl power,2
christian music,2
work music,2
easy listening,2
my hits,2
country mix,2
the good stuff,2
frozen,2
jammin,2
reception,2
classic country,2
my high-intensity workout,2
sunday,2
pump up,2
fire,2
r&b classics,2
jamz,2
chillout,2
nc,2
michelle,2
slow jamz,2
â¤â¤â¤,2
tunes,2
girls,2
favorite country,2
dad,2
old jams,2
alternative rock,2
bangerz,2
the playlist,2
hoco,2
calm,2
jesus music,2
banda,2
slow jams,2
best songs,2
spanish music,2
electric,2
light,2
2015 top tracks,2
fall 2017,2
edm,2
yacht rock,2
am,2
spring,2
drive,2
hsm,2
hip-hop,2
dat new new,2
pole,2
â¤ï¸,2
car ride,2
summer17,2
awesome playlist,1
mat,1
i put a spell on you,1
bop,1
old country,1
abby,1
slow hands,1
mom's playlist,1
sarah,1
melancholy,1
fall '17,1
âœ”ï¸,1
twenty one pilots,1
run it,1
winter 2014,1
garage rock,1
running 2 0,1
good good,1
2020,1
belters,1
road trippin',1
angst,1
running 2,1
spring 2016,1
sb,1
kevin,1
nb,1
smooth jazz,1
tennessee,1
spring 16,1
gates,1
ski,1
awesome mix,1
elizabeth,1
playstation,1
xx,1
art class,1
random tunes,1
boat,1
cr,1
winter '17,1
traps,1
dope,1
florida,1
workout2,1
zoned,1
for the road,1
r & b,1
tom petty,1
catchy songs,1
roadtrippin,1
2012,1
dave,1
disneyland,1
boostyourrun,1
luv,1
party rock,1
the piano guys,1
brasileiras,1
4 20,1
willie,1
gold digger,1
dance it out,1
greek,1
all the songs,1
kyle,1
w o r k o u t,1
party music,1
xxxmas,1
bbg,1
bae,1
its lit,1
killin' it,1
october 2017,1
rap pop,1
1990's,1
guacamole,1
that new new,1
bumps,1
picks,1
ðŸ¤˜ðŸ¼,1
mashup,1
alt jams,1
reggae ska,1
jazzy,1
emotional,1
ouch,1
love music,1
solitude,1
silence,1
volleyball playlist,1
motown,1
folky,1
rock alternativo,1
summer chill,1
rap classics,1
my favs,1
motivational,1
up beat,1
wes anderson,1
basic,1
another,1
ðŸ¤¤ðŸ¤¤,1
chill alternative,1
feelz,1
alexia,1
britt,1
kendrick lamar,1
jesus jams,1
daddy issues,1
sb2k17,1
2013,1
spring16,1
soul,1
best songs of 2016,1
cash,1
guitar,1
saturn,1
bus playlist,1
xmas,1
mumford & sons,1
this is what you came for,1
on the run,1
prayer,1
my country,1
peace,1
madness,1
ride,1
before my time,1
runnin,1
my happy place,1
90s hits,1
way up,1
tegan and sara,1
atlas,1
elisa,1
eurotrip,1
christmas 2016,1
beachy,1
drank,1
trip,1
christmas mix,1
top,1
rap god,1
relaxed,1
blue grass,1
brad paisley,1
summer16,1
da,1
awesome mix vol 1,1
road trip mix,1
mr brightside,1
old people,1
ðŸ˜ðŸ˜,1
hockey,1
dank memes,1
ðŸŽµðŸŽµ,1
legendary,1
mayer,1
game time,1
car tunes,1
wrap,1
chill beats,1
blackout,1
christmasssss,1
aux,1
best christmas,1
say my name,1
music from baz luhrmann's film the great gatsby,1
deep,1
tame impala,1
rawr,1
lit songs,1
upbeat,1
good day,1
aaa,1
line dances,1
randoms,1
alright,1
feelin' myself,1
stream,1
me like,1
disney jams,1
family,1
walking on sunshine,1
the drive,1
julion alvarez,1
studying music,1
90s alternative,1
more songs,1
ðŸ‡²ðŸ‡½ðŸ‡²ðŸ‡½ðŸ‡²ðŸ‡½,1
Í¡Â° ÍœÊ– Í¡Â°,1
dance mix,1
karaoke,1
âš¡ï¸âš¡ï¸âš¡ï¸,1
road,1
latin trap,1
cali,1
frenchy,1
thinking,1
cruisin,1
throw backs,1
boris,1
meow,1
pg,1
breezeblocks,1
chill rock,1
guilty pleasure,1
everyday,1
salsa clasica,1
trippin,1
studying,1
autumnal,1
traveling,1
spin,1
country 2017,1
lm,1
party time,1
mb,1
samba,1
tears,1
friday afternoon,1
songs that make me think of you,1
congratulations,1
comedy,1
summer 2015,1
get down,1
jazz,1
âš¡ï¸,1
workout mix,1
90s hip hop,1
metal,1
sweat it out,1
early 2000's,1
get pumped,1
west coast swing,1
june,1
1967,1
phone,1
yo,1
pt,1
rent,1
goldie,1
diego,1
april,1
od,1
housewarming,1
rap mix,1
kickin it,1
90s baby,1
hyphy,1
pump up songs,1
beautiful things,1
issa playlist,1
roma,1
intro,1
dusk,1
slow,1
bust a move,1
current jams,1
fallout,1
homework,1
000,1
good times,1
it's christmas time,1
aa,1
chill sesh,1
sprang,1
greatest hits,1
elevator music,1
you,1
long car rides,1
chill out music,1
good songs,1
indy,1
odesza,1
isis,1
my baby,1
melting pot,1
zombies,1
mega chill,1
ooouuu,1
songs to sing in the shower,1
narcos,1
modern rock,1
wedding dance party,1
regaton,1
tbd,1
instrumental,1
jose,1
ðŸ’ƒðŸ½,1
favs rn,1
chill songs,1
ðŸ˜»ðŸ˜»,1
somber,1
sunrise,1
fnaf,1
smooth jams,1
best edm,1
ðŸ˜­ðŸ˜­,1
upbeat songs,1
poop,1
tejano,1
cinco de mayo,1
tripping,1
new school,1
electronic music,1
2000's,1
halcyon,1
february '17,1
july 2013,1
musica en espaÃ±ol,1
spring break,1
tropical,1
thug,1
crossfit,1
ðŸ’›ðŸ’›,1
summer party,1
country summer,1
cheese,1
nicole,1
relaxing music,1
bounce,1
calming music,1
kayla,1
sound,1
mya,1
doo wop,1
nite,1
main,1
ðŸ–•ðŸ»,1
wandering,1
wedding dance music,1
dad songs,1
spring '17,1
baby making,1
ale,1
sunny days,1
happy happy happy,1
don't,1
lent,1
turn up,1
spring 2015,1
70 80,1
sierreÃ±o,1
christmastime,1
random songs,1
roar,1
teenage angst,1
wave,1
80s,1
ol skool,1
rockðŸŽ¸,1
go-to,1
various artists â€“ majestic casual - chapter i,1
grind,1
america,1
vacation,1
mia,1
australia day,1
slay,1
ii,1
arab,1
ðŸ˜ˆðŸ˜ˆðŸ˜ˆ,1
lifting,1
panda,1
car party,1
discovered,1
2000s hits,1
recommendations,1
eclipse,1
cake,1
lean,1
say you won't let go,1
deep thoughts,1
dinner party,1
clubbin,1
twenty sixteen,1
life,1
waltz,1
uhhhh,1
cinderella,1
ðŸ˜ðŸ˜ðŸ˜,1
my musics,1
dark side,1
club,1
december,1
chill time,1
three,1
alternativo,1
rock songs,1
lulu,1
amy,1
my fav,1
cody,1
raw,1
band music,1
swing,1
cardio,1
party 1,1
wet dreamz,1
roadtrip ðŸš—,1
rock en espaÃ±ol,1
2000s r&b,1
my songs,1
not rap,1
fuego,1
will,1
new ish,1
mad men,1
ebm,1
2000s,1
buena vista social club,1
xmas party,1
luke,1
kitchen,1
britney,1
ghetto,1
hardcore workout,1
turnt,1
tangled,1
elliot,1
classical favorites,1
no,1
4th of july,1
sugar,1
ha,1
00s,1
new jams,1
cruising,1
baes,1
atl,1
soulful,1
ðŸ˜´ðŸ˜´,1
pitch perfect,1
siesta,1
shape of you,1
helene,1
runaway,1
2k14,1
summer drives,1
ðŸ’¸ðŸ’¸,1
ease,1
cancun,1
star wars,1
jan 2015,1
explicit,1
broadway baby,1
the classics,1
heat,1
fix you,1
i workout,1
boujee,1
bird,1
deb,1
nostalgia,1
empty,1
local,1
litðŸ”¥ðŸ”¥,1
indie stuff,1
her,1
songs to dance to,1
summer 16',1
hungover,1
christmas favorites,1
mood music,1
i like these songs,1
cha cha,1
purple,1
april 2016,1
recovery,1
space jams,1
bored,1
mixed,1
chidas,1
electronicas,1
new new,1
working out,1
edc,1
run 2,1
office,1
songs i love,1
september 2017,1
old rock,1
edward sharpe & the magnetic zeros,1
two,1
1980's,1
thuggin,1
trending,1
sundays,1
dance yrself clean,1
sleep music,1
discover,1
old but good,1
awesome,1
best songs ever,1
summer '16,1
pearl jam,1
petrichor,1
litt,1
baby shower,1
beautiful,1
john's playlist,1
move,1
seduction,1
halloweenie,1
hayley,1
2k17,1
hoe anthems,1
summer '17,1
nashville,1
christmas songs,1
the greatest,1
disney bops,1
top down,1
rap songs,1
merica,1
killa,1
hey,1
mello,1
death,1
marshall,1
summer 2014,1
rap it up,1
slow stuff,1
flow,1
maui,1
lit af,1
neo,1
dancehall,1
2pac,1
dancing on my own,1
david,1
bad and boujee,1
r&b,1
ðŸŒˆðŸŒˆðŸŒˆ,1
fall 2013,1
daze,1
thinking of you,1
indie electro,1
jack & jack,1
college,1
summer 15,1
loco,1
breezy,1
fall 16,1
slo,1
bangaz,1
beach music,1
vaporwave,1
bassnectar,1
moo,1
ðŸ‘‘ðŸ‘‘ðŸ‘‘,1
heavy metal,1
pr,1
misc,1
piano guys,1
humble,1
golden,1
cumbias,1
brown eyed girl,1
adventure of a lifetime,1
madison,1
summer tunes,1
a playlist,1
bhangra,1
fall 2014,1
groove,1
piano,1
end of summer,1
feelings,1
lu,1
ma,1
weekend,1
damn,1
rap hiphop,1
adoracion,1
zumba,1
classical study music â€“ classical study music,1
alexa,1
schleep,1
gym mix,1
cd1,1
fireside,1
jeep,1
lany,1
new2,1
pop en espaÃ±ol,1
december 2016,1
all songs,1
julie,1
lets dance,1
justin,1
kodak black,1
praise him,1
bass,1
repeat,1
folk,1
summer 2017,1
summer music,1
gabriel,1
gym list,1
chilly,1
senior year,1
running 3,1
ws,1
norteÃ±as,1
j cole,1
emo,1
turnup,1
upbeat country,1
church songs,1
superman,1
memes,1
tx,1
ff,1
------,1
shower songs,1
country favs,1
90's music,1
nice,1
ibiza 2017,1
workin',1
indie mix,1
kendall,1
electric love,1
mondays,1
sept 2016,1
old bops,1
marathon,1
today,1
the glitch mob,1
taylor,1
waves,1
meh,1
other,1
baby making music,1
i guess,1
wes,1
elliott,1
booty,1
obsessions,1
nov 2017,1
90s rock,1
most wonderful time of the year,1
breakup songs,1
ehh,1
gopro,1
jp,1
airplane mode,1
dance dance,1
bso,1
ðŸ™ðŸ¾,1
happy chill,1
rob,1
super chill,1
car mix,1
chinese,1
40th,1
my list,1
idgaf,1
happy mix,1
try me,1
bumpin',1
painting,1
mad,1
paisa,1
slow dance,1
tailgate,1
worship music,1
firefly 2016,1
house warming,1
from me to you,1
childhood,1
new wave,1
help,1
august 2015,1
noosa tastiest playlist,1
new alt,1
80s pop,1
drugs,1
get psyched mix,1
erin,1
its a trap,1
j'adore,1
3am,1
rap stuff,1
wanderlust,1
summertime,1
vermont,1
saturday morning,1
hotel california,1
warming up,1
cameron,1
can i kick it?,1
bailando,1
billy,1
blast from the past,1
love love,1
gaming,1
counting crows,1
montage,1
march,1
sadness,1
my,1
may '17,1
pool party,1
karen,1
praise,1
remix,1
chill vibes,1
fall 2016,1
down in the dumps,1
country roads,1
practice,1
im,1
nico,1
singalongs,1
download,1
arizona,1
2014,1
rad,1
breathe,1
baseball,1
harvest moon,1
heart of gold,1
be mine,1
hips don't lie,1
winter 2015,1
pow pow,1
may 2016,1
movie music,1
california,1
autumn playlist,1
class,1
ayy,1
tÃ¼rkÃ§e slow,1
bk,1
me,1
idek,1
back to school,1
dance club,1
90's hits,1
booze cruise,1
summa summa,1
sam,1
october 2015,1
goodies,1
favorite worship,1
island time,1
kill it,1
rock mix,1
mvp,1
throwback hits,1
s o u l,1
gracie,1
french,1
trip hop,1
ðŸ‘ŒðŸ‘ŒðŸ‘Œ,1
white girl music,1
paint,1
best mix,1
glee cast,1
session,1
weeknd,1
bus ride,1
you already know,1
for emma,1
bumpin,1
heaven,1
fav rap,1
rock alt,1
good,1
teen angst,1
rap 1,1
idk yet,1
peter,1
jens,1
jamzzz,1
howdy,1
chill jams,1
tropicales,1
70's,1
straight fire,1
just chillin',1
pop favorites,1
band songs,1
spanish playlist,1
l1,1
nostalgic,1
q2,1
vallenato,1
happy hardcore top 100,1
warmup,1
work in progress,1
baking,1
post rock,1
ðŸ”¥ðŸ”¥ðŸ”¥,1
holiday cheer,1
beatles,1
rancheras,1
throwback pop,1
meditate,1
background noise,1
2009,1
high school,1
unknown,1
throwbacksss,1
kids playlist,1
afrikaans,1
christian playlist,1
slowmotion,1
jamie,1
good country,1
serenity,1
h2o,1
november 2016,1
rap hip hop,1
peace out,1
80s jams,1
cloudy days,1
ðŸ”¥ðŸ”¥,1
kid,1
intense,1
nkotb,1
skrt skrt,1
yay,1
september '17,1
july 2016,1
sum17,1
youtubers,1
sleeps,1
fallen,1
atmosphere,1
70s,1
party country,1
nye,1
2017 spring,1
closer,1
2017 summer,1
hs,1
pretty little liars,1
sad boi,1
party tunes,1
voodoo,1
soul blues,1
driving music,1
yellow claw,1
rosa,1
kai,1
urbano,1
run run run,1
london,1
lib,1
latin mix,1
about time,1
muzic,1
lounging,1
summer camp,1
hmmm,1
dad rock,1
sophie's playlist,1
summa,1
summer 16,1
sex playlist,1
wip,1
chill rap,1
a good playlist,1
too good,1
5k,1
mdw,1
that good good,1
gabrielle,1
carpe diem,1
brandon,1
vroom,1
essentials,1
party?,1
movie soundtracks,1
offline,1
female vocals,1
skrt,1
country 1,1
weekly,1
paige,1
franzÃ¶sisch,1
singing songs,1
sleepytime,1
thai,1
yuridia,1
finesse,1
dub,1
bbq,1
old music,1
nate,1
old soul,1
do i wanna know?,1
quirky,1
yas,1
yaaas,1
escuela,1
shredding,1
remixes,1
mh,1
mar,1
sorry,1
no limit,1
leggo,1
classico,1
sad song,1
washed out,1
flashback,1
calming songs,1
summer 2013,1
sia,1
woohoo,1
carride,1
musicales,1
wedding dinner music,1
may 2015,1
warrior,1
hyfr,1
no lyrics,1
spotify me,1
bet,1
the game,1
hindi,1
canciones,1
settle down,1
way back when,1
i'm sorry,1
lust,1
garage,1
florence + the machine,1
bonfire,1
songs to sing to,1
september 2016,1
party 2,1
tom,1
4am,1
lake,1
feeling myself,1
beast mode,1
mind,1
march '17,1
lift,1
jazz mix,1
mom,1
ceremony music,1
â˜ï¸â˜ï¸â˜ï¸,1
jesse,1
cd,1
coke studio,1
suicide squad,1
this,1
lindsey stirling,1
the cave,1
all good,1
jam,1
flawless,1
sleepy,1
â„ï¸,1
january 2016,1
jammin',1
kids songs,1
pitbull,1
throwbackkkk,1
smiles,1
island vibes,1
100,1
bed time,1
cole,1
slapz,1
pool,1
in the name of love,1
alive,1
happy playlist,1
chill edm,1
scott,1
mmmm,1
tx country,1
vibrations,1
zzzzzzzz,1
happiness,1
italy,1
sound of silence,1
texas country,1
ðŸ’¯ðŸ’¯ðŸ’¯,1
day to day,1
saturday,1
hmm,1
stay awake,1
ðŸ’—ðŸ’—ðŸ’—,1
setlist,1
sexual,1
recent,1
sick tunes,1
chillin,1
country lovin,1
newer stuff,1
funk,1
idk man,1
inspiring,1
sabina,1
black beatles,1
you&me,1
yee,1
yes,1
pop chill,1
feel good songs,1
idk,1
childhood jams,1
par-tay,1
15,1
jam songs,1
working,1
spring 2012,1
demons,1
ghana,1
mhm,1
vibez,1
sex,1
guilty pleasures,1
afrobeats,1
workout 2,1
old school r&b,1
post,1
â™¡â™¡â™¡,1
hypebeast,1
new beginning,1
christmas party,1
vinyasa,1
newnew,1
ash,1
ye,1
russ,1
you and me,1
red bull editions coachella playlist,1
lollapalooza 2016,1
different,1
kickball,1
outside,1
late,1
meditation,1
ceremony,1
rock music,1
the feels,1
pop hits,1
listen,1
paradise,1
woo,1
jesus,1
yep,1
sad music,1
